{"cameraMode":{"drawMode":0,"name":"Shaded","section":"Shading Mode"},"sceneLighting":false,"audioPlay":false,"sceneViewState":{"showFog":true,"showMaterialUpdate":false,"showSkybox":true,"showFlares":true,"showImageEffects":true,"showParticleSystems":true},"in2DMode":false,"pivot":{"x":-5.0,"y":3.382479429244995,"z":-1.3700000047683716},"rotation":{"x":-0.3101542294025421,"y":0.43908175826072695,"z":-0.16467522084712983,"w":-0.8269786238670349},"size":2.8578836917877199,"orthographic":false}